fips,Median Home Value,decile
1001.0,147900.0,7
1003.0,189800.0,9
1005.0,92900.0,3
1007.0,96500.0,3
1009.0,124700.0,6
1011.0,77500.0,1
1013.0,88300.0,2
1015.0,113800.0,5
1017.0,88400.0,2
1019.0,123100.0,6
1021.0,102200.0,4
1023.0,75200.0,1
1025.0,100800.0,4
1027.0,102200.0,4
1029.0,112000.0,5
1031.0,149100.0,7
1033.0,113500.0,5
1035.0,76600.0,1
1037.0,87900.0,2
1039.0,95500.0,3
1041.0,79500.0,2
1043.0,124100.0,6
1045.0,110100.0,5
1047.0,82600.0,2
1049.0,102700.0,4
1051.0,161100.0,8
1053.0,98200.0,3
1055.0,109900.0,5
1057.0,83800.0,2
1059.0,87800.0,2
1061.0,92300.0,3
1063.0,66400.0,1
1065.0,92700.0,3
1067.0,115100.0,5
1069.0,130500.0,6
1071.0,105300.0,4
1073.0,154400.0,7
1075.0,77200.0,1
1077.0,136400.0,6
1079.0,107200.0,4
1081.0,165000.0,8
1083.0,152900.0,7
1085.0,66300.0,1
1087.0,79500.0,2
1089.0,180600.0,8
1091.0,90000.0,3
1093.0,86500.0,2
1095.0,122500.0,6
1097.0,126600.0,6
1099.0,103000.0,4
1101.0,127500.0,6
1103.0,131000.0,6
1105.0,65900.0,1
1107.0,97500.0,3
1109.0,117400.0,5
1111.0,88700.0,2
1113.0,118600.0,5
1115.0,148200.0,7
1117.0,204500.0,9
1119.0,74600.0,1
1121.0,101800.0,4
1123.0,107800.0,4
1125.0,166000.0,8
1127.0,93100.0,3
1129.0,85200.0,2
1131.0,82200.0,2
1133.0,87800.0,2
2013.0,123000.0,6
2016.0,247900.0,10
2020.0,308000.0,10
2050.0,110200.0,5
2060.0,179500.0,8
2068.0,203500.0,9
2070.0,183200.0,9
2090.0,236800.0,9
2100.0,258100.0,10
2105.0,228500.0,9
2110.0,344000.0,10
2122.0,239800.0,10
2130.0,272300.0,10
2150.0,275000.0,10
2158.0,76000.0,1
2164.0,120200.0,5
2170.0,243000.0,10
2180.0,149600.0,7
2185.0,143000.0,7
2188.0,131400.0,6
2195.0,213100.0,9
2198.0,172700.0,8
2220.0,349300.0,10
2230.0,314500.0,10
2240.0,184000.0,9
2261.0,229800.0,9
2275.0,212600.0,9
2282.0,169300.0,8
2290.0,77700.0,1
4001.0,62300.0,1
4003.0,143800.0,7
4005.0,261300.0,10
4007.0,157600.0,8
4009.0,127000.0,6
4011.0,82400.0,2
4012.0,77600.0,1
4013.0,242700.0,10
4015.0,151100.0,7
4017.0,118800.0,5
4019.0,173500.0,8
4021.0,169800.0,8
4023.0,148500.0,7
4025.0,231600.0,9
4027.0,122000.0,6
5001.0,83600.0,2
5003.0,71500.0,1
5005.0,128800.0,6
5007.0,172000.0,8
5009.0,124900.0,6
5011.0,77800.0,1
5013.0,69400.0,1
5015.0,126800.0,6
5017.0,63000.0,1
5019.0,100900.0,4
5021.0,72400.0,1
5023.0,132400.0,6
5025.0,83000.0,2
5027.0,82800.0,2
5029.0,101400.0,4
5031.0,138500.0,7
5033.0,116900.0,5
5035.0,110500.0,5
5037.0,83600.0,2
5039.0,66600.0,1
5041.0,62800.0,1
5043.0,97600.0,3
5045.0,157600.0,8
5047.0,94200.0,3
5049.0,93500.0,3
5051.0,138400.0,7
5053.0,127100.0,6
5055.0,113100.0,5
5057.0,79400.0,2
5059.0,91900.0,3
5061.0,92500.0,3
5063.0,105200.0,4
5065.0,81500.0,2
5067.0,66900.0,1
5069.0,83800.0,2
5071.0,98900.0,4
5073.0,63300.0,1
5075.0,75700.0,1
5077.0,72700.0,1
5079.0,74400.0,1
5081.0,72200.0,1
5083.0,90200.0,3
5085.0,136200.0,6
5087.0,107200.0,4
5089.0,119000.0,5
5091.0,106500.0,4
5093.0,82700.0,2
5095.0,64300.0,1
5097.0,106700.0,4
5099.0,64500.0,1
5101.0,105100.0,4
5103.0,72200.0,1
5105.0,95400.0,3
5107.0,68200.0,1
5109.0,82300.0,2
5111.0,75500.0,1
5113.0,90100.0,3
5115.0,125000.0,6
5117.0,68000.0,1
5119.0,153700.0,7
5121.0,82400.0,2
5123.0,63300.0,1
5125.0,151700.0,7
5127.0,72800.0,1
5129.0,98000.0,3
5131.0,119900.0,5
5133.0,79200.0,2
5135.0,81000.0,2
5137.0,113900.0,5
5139.0,82800.0,2
5141.0,101600.0,4
5143.0,167600.0,8
5145.0,121300.0,6
5147.0,66200.0,1
5149.0,110500.0,5
6001.0,707800.0,10
6003.0,349000.0,10
6005.0,296400.0,10
6007.0,248100.0,10
6009.0,297700.0,10
6011.0,249800.0,10
6013.0,582400.0,10
6015.0,204000.0,9
6017.0,437200.0,10
6019.0,237500.0,9
6021.0,222000.0,9
6023.0,296600.0,10
6025.0,177100.0,8
6027.0,262400.0,10
6029.0,205200.0,9
6031.0,202800.0,9
6033.0,195400.0,9
6035.0,184200.0,9
6037.0,543400.0,10
6039.0,235200.0,9
6041.0,959200.0,10
6043.0,269500.0,10
6045.0,356800.0,10
6047.0,229500.0,9
6049.0,133300.0,6
6051.0,326400.0,10
6053.0,477200.0,10
6055.0,603700.0,10
6057.0,400000.0,10
6059.0,652900.0,10
6061.0,443700.0,10
6063.0,234900.0,9
6065.0,330600.0,10
6067.0,330100.0,10
6069.0,496200.0,10
6071.0,305400.0,10
6073.0,526300.0,10
6075.0,1009500.0,10
6077.0,313800.0,10
6079.0,537900.0,10
6081.0,994100.0,10
6083.0,549900.0,10
6085.0,913000.0,10
6087.0,711000.0,10
6089.0,242500.0,10
6091.0,173200.0,8
6093.0,186300.0,9
6095.0,377500.0,10
6097.0,568700.0,10
6099.0,272400.0,10
6101.0,260300.0,10
6103.0,203400.0,9
6105.0,284600.0,10
6107.0,191200.0,9
6109.0,278900.0,10
6111.0,559700.0,10
6113.0,395500.0,10
6115.0,231900.0,9
8001.0,273000.0,10
8003.0,157500.0,8
8005.0,327800.0,10
8007.0,295500.0,10
8009.0,82200.0,2
8011.0,80600.0,2
8013.0,462200.0,10
8014.0,382800.0,10
8015.0,335900.0,10
8017.0,104000.0,4
8019.0,357000.0,10
8021.0,117600.0,5
8023.0,113200.0,5
8025.0,71700.0,1
8027.0,262200.0,10
8029.0,219000.0,9
8031.0,357300.0,10
8033.0,115900.0,5
8035.0,441100.0,10
8037.0,538600.0,10
8039.0,425500.0,10
8041.0,254300.0,10
8043.0,163300.0,8
8045.0,337900.0,10
8047.0,337400.0,10
8049.0,295800.0,10
8051.0,339400.0,10
8053.0,331100.0,10
8055.0,157200.0,7
8057.0,195400.0,9
8059.0,366800.0,10
8061.0,80100.0,2
8063.0,140800.0,7
8065.0,214000.0,9
8067.0,375400.0,10
8069.0,336200.0,10
8071.0,147100.0,7
8073.0,135700.0,6
8075.0,154500.0,7
8077.0,214400.0,9
8079.0,293600.0,10
8081.0,170700.0,8
8083.0,208300.0,9
8085.0,212900.0,9
8087.0,183900.0,9
8089.0,91900.0,3
8091.0,419900.0,10
8093.0,284800.0,10
8095.0,155500.0,7
8097.0,623400.0,10
8099.0,94100.0,3
8101.0,155400.0,7
8103.0,203100.0,9
8105.0,161300.0,8
8107.0,510600.0,10
8109.0,149500.0,7
8111.0,286700.0,10
8113.0,491100.0,10
8115.0,87300.0,2
8117.0,563000.0,10
8119.0,279100.0,10
8121.0,138700.0,7
8123.0,269400.0,10
8125.0,171600.0,8
9001.0,422300.0,10
9003.0,237700.0,9
9005.0,251500.0,10
9007.0,284900.0,10
9009.0,246700.0,10
9011.0,239000.0,10
9013.0,251300.0,10
9015.0,198000.0,9
10001.0,213900.0,9
10003.0,254500.0,10
10005.0,248900.0,10
11001.0,568400.0,10
12001.0,173900.0,8
12003.0,120900.0,5
12005.0,172600.0,8
12007.0,97200.0,3
12009.0,177400.0,8
12011.0,243100.0,10
12013.0,81300.0,2
12015.0,176500.0,8
12017.0,123800.0,6
12019.0,174400.0,8
12021.0,340100.0,10
12023.0,117800.0,5
12027.0,84400.0,2
12029.0,74500.0,1
12031.0,166900.0,8
12033.0,133600.0,6
12035.0,200000.0,9
12037.0,139500.0,7
12039.0,99000.0,4
12041.0,97800.0,3
12043.0,76400.0,1
12045.0,150300.0,7
12047.0,71100.0,1
12049.0,81800.0,2
12051.0,82000.0,2
12053.0,130300.0,6
12055.0,93800.0,3
12057.0,198000.0,9
12059.0,93200.0,3
12061.0,185800.0,9
12063.0,98800.0,4
12065.0,117900.0,5
12067.0,105900.0,4
12069.0,167200.0,8
12071.0,207700.0,9
12073.0,195000.0,9
12075.0,99400.0,4
12077.0,66600.0,1
12079.0,87400.0,2
12081.0,218900.0,9
12083.0,127100.0,6
12085.0,255000.0,10
12086.0,268200.0,10
12087.0,468200.0,10
12089.0,218100.0,9
12091.0,207600.0,9
12093.0,89800.0,3
12095.0,216000.0,9
12097.0,179800.0,8
12099.0,264400.0,10
12101.0,149000.0,7
12103.0,183000.0,9
12105.0,135400.0,6
12107.0,84500.0,2
12109.0,287700.0,10
12111.0,165700.0,8
12113.0,184400.0,9
12115.0,234800.0,9
12117.0,224000.0,9
12119.0,246500.0,10
12121.0,95200.0,3
12123.0,82900.0,2
12125.0,104400.0,4
12127.0,164200.0,8
12129.0,144700.0,7
12131.0,222700.0,9
12133.0,109800.0,4
13001.0,75900.0,1
13003.0,60100.0,1
13005.0,73000.0,1
13007.0,75500.0,1
13009.0,112500.0,5
13011.0,142800.0,7
13013.0,146500.0,7
13015.0,151700.0,7
13017.0,80100.0,2
13019.0,85300.0,2
13021.0,116500.0,5
13023.0,97900.0,3
13025.0,68200.0,1
13027.0,96900.0,3
13029.0,211800.0,9
13031.0,135200.0,6
13033.0,87900.0,2
13035.0,121800.0,6
13037.0,49000.0,1
13039.0,159800.0,8
13043.0,91200.0,3
13045.0,130200.0,6
13047.0,140000.0,7
13049.0,82600.0,2
13051.0,184900.0,9
13053.0,69000.0,1
13055.0,69600.0,1
13057.0,234300.0,9
13059.0,163700.0,8
13061.0,65900.0,1
13063.0,97800.0,3
13065.0,57100.0,1
13067.0,237800.0,10
13069.0,92600.0,3
13071.0,83200.0,2
13073.0,192200.0,9
13075.0,88100.0,2
13077.0,201500.0,9
13079.0,92900.0,3
13081.0,85200.0,2
13083.0,126700.0,6
13085.0,215500.0,9
13087.0,109700.0,4
13089.0,192400.0,9
13091.0,75800.0,1
13093.0,83700.0,2
13095.0,103900.0,4
13097.0,153100.0,7
13099.0,81700.0,2
13101.0,58900.0,1
13103.0,159100.0,8
13105.0,80600.0,2
13107.0,74100.0,1
13109.0,86200.0,2
13111.0,185600.0,9
13113.0,269900.0,10
13115.0,129600.0,6
13117.0,321000.0,10
13119.0,106200.0,4
13121.0,290400.0,10
13123.0,171000.0,8
13125.0,63800.0,1
13127.0,168700.0,8
13129.0,127400.0,6
13131.0,112500.0,5
13133.0,207700.0,9
13135.0,200400.0,9
13137.0,146000.0,7
13139.0,183200.0,9
13141.0,79800.0,2
13143.0,116900.0,5
13145.0,210100.0,9
13147.0,126900.0,6
13149.0,96900.0,3
13151.0,165900.0,8
13153.0,138600.0,7
13155.0,74300.0,1
13157.0,174000.0,8
13159.0,122300.0,6
13161.0,76500.0,1
13163.0,74300.0,1
13165.0,66500.0,1
13167.0,66700.0,1
13169.0,123400.0,6
13171.0,134500.0,6
13173.0,105000.0,4
13175.0,88800.0,3
13177.0,153000.0,7
13179.0,121500.0,6
13181.0,117500.0,5
13183.0,116700.0,5
13185.0,135100.0,6
13187.0,181600.0,9
13189.0,105300.0,4
13191.0,120300.0,5
13193.0,63700.0,1
13195.0,126800.0,6
13197.0,89500.0,3
13199.0,98000.0,3
13201.0,93300.0,3
13205.0,86200.0,2
13207.0,163800.0,8
13209.0,79400.0,2
13211.0,224800.0,9
13213.0,100200.0,4
13215.0,141700.0,7
13217.0,139900.0,7
13219.0,268100.0,10
13221.0,117000.0,5
13223.0,161400.0,8
13225.0,128600.0,6
13227.0,185700.0,9
13229.0,98800.0,4
13231.0,165800.0,8
13233.0,105400.0,4
13235.0,113500.0,5
13237.0,165300.0,8
13239.0,65900.0,1
13241.0,164900.0,8
13243.0,77300.0,1
13245.0,104700.0,4
13247.0,157100.0,7
13249.0,111600.0,5
13251.0,77000.0,1
13253.0,89500.0,3
13255.0,122300.0,6
13257.0,94300.0,3
13259.0,50900.0,1
13261.0,90300.0,3
13263.0,80000.0,2
13265.0,67100.0,1
13267.0,88500.0,2
13269.0,82700.0,2
13271.0,64000.0,1
13273.0,103300.0,4
13275.0,133800.0,6
13277.0,118900.0,5
13279.0,95500.0,3
13281.0,205600.0,9
13283.0,70900.0,1
13285.0,129200.0,6
13287.0,74000.0,1
13289.0,63200.0,1
13291.0,197200.0,9
13293.0,87200.0,2
13295.0,114000.0,5
13297.0,175500.0,8
13299.0,82000.0,2
13301.0,61300.0,1
13303.0,83300.0,2
13305.0,107900.0,4
13307.0,60800.0,1
13309.0,63300.0,1
13311.0,166100.0,8
13313.0,126900.0,6
13315.0,68200.0,1
13317.0,81200.0,2
13319.0,70300.0,1
13321.0,85600.0,2
15001.0,333600.0,10
15003.0,649800.0,10
15005.0,-666666666.0,1
15007.0,546000.0,10
15009.0,599500.0,10
16001.0,242300.0,10
16003.0,173100.0,8
16005.0,152500.0,7
16007.0,147600.0,7
16009.0,154000.0,7
16011.0,152600.0,7
16013.0,395800.0,10
16015.0,199300.0,9
16017.0,233900.0,9
16019.0,168100.0,8
16021.0,179100.0,8
16023.0,117600.0,5
16025.0,174200.0,8
16027.0,159600.0,8
16029.0,137200.0,6
16031.0,151800.0,7
16033.0,92900.0,3
16035.0,142300.0,7
16037.0,177300.0,8
16039.0,145600.0,7
16041.0,198000.0,9
16043.0,162400.0,8
16045.0,159300.0,8
16047.0,143600.0,7
16049.0,166100.0,8
16051.0,184100.0,9
16053.0,154600.0,7
16055.0,237400.0,9
16057.0,213600.0,9
16059.0,171000.0,8
16061.0,123000.0,6
16063.0,137000.0,6
16065.0,207500.0,9
16067.0,136800.0,6
16069.0,181200.0,8
16071.0,155800.0,7
16073.0,130300.0,6
16075.0,148400.0,7
16077.0,139800.0,7
16079.0,124600.0,6
16081.0,317700.0,10
16083.0,160200.0,8
16085.0,283000.0,10
16087.0,152200.0,7
17001.0,126100.0,6
17003.0,53500.0,1
17005.0,122500.0,6
17007.0,152600.0,7
17009.0,89600.0,3
17011.0,109700.0,4
17013.0,114300.0,5
17015.0,101600.0,4
17017.0,78100.0,1
17019.0,157800.0,8
17021.0,90000.0,3
17023.0,87800.0,2
17025.0,81700.0,2
17027.0,148100.0,7
17029.0,97600.0,3
17031.0,237200.0,9
17033.0,87000.0,2
17035.0,100700.0,4
17037.0,169800.0,8
17039.0,100900.0,4
17041.0,106500.0,4
17043.0,299000.0,10
17045.0,80100.0,2
17047.0,76500.0,1
17049.0,140300.0,7
17051.0,84700.0,2
17053.0,98400.0,4
17055.0,74500.0,1
17057.0,86700.0,2
17059.0,75300.0,1
17061.0,77400.0,1
17063.0,191300.0,9
17065.0,98100.0,3
17067.0,86700.0,2
17069.0,71500.0,1
17071.0,91300.0,3
17073.0,118800.0,5
17075.0,99500.0,4
17077.0,106400.0,4
17079.0,99400.0,4
17081.0,94400.0,3
17083.0,144800.0,7
17085.0,144600.0,7
17087.0,99400.0,4
17089.0,232000.0,9
17091.0,144200.0,7
17093.0,224200.0,9
17095.0,83100.0,2
17097.0,259900.0,10
17099.0,126000.0,6
17101.0,73800.0,1
17103.0,117600.0,5
17105.0,109700.0,4
17107.0,102900.0,4
17109.0,94200.0,3
17111.0,219600.0,9
17113.0,166700.0,8
17115.0,96800.0,3
17117.0,99600.0,4
17119.0,132300.0,6
17121.0,74900.0,1
17123.0,104800.0,4
17125.0,79600.0,2
17127.0,83700.0,2
17129.0,137400.0,7
17131.0,106000.0,4
17133.0,209100.0,9
17135.0,82200.0,2
17137.0,104800.0,4
17139.0,109000.0,4
17141.0,143100.0,7
17143.0,129900.0,6
17145.0,85400.0,2
17147.0,130300.0,6
17149.0,78800.0,2
17151.0,87200.0,2
17153.0,63600.0,1
17155.0,124500.0,6
17157.0,104700.0,4
17159.0,87700.0,2
17161.0,117000.0,5
17163.0,124700.0,6
17165.0,73100.0,1
17167.0,138100.0,7
17169.0,85900.0,2
17171.0,85000.0,2
17173.0,90100.0,3
17175.0,85400.0,2
17177.0,97000.0,3
17179.0,139700.0,7
17181.0,101500.0,4
17183.0,78900.0,2
17185.0,80500.0,2
17187.0,84300.0,2
17189.0,109400.0,4
17191.0,82000.0,2
17193.0,69700.0,1
17195.0,103400.0,4
17197.0,224800.0,9
17199.0,111800.0,5
17201.0,117000.0,5
17203.0,162700.0,8
18001.0,122400.0,6
18003.0,123800.0,6
18005.0,143800.0,7
18007.0,87900.0,2
18009.0,71300.0,1
18011.0,222500.0,9
18013.0,186000.0,9
18015.0,131600.0,6
18017.0,85500.0,2
18019.0,137800.0,7
18021.0,102000.0,4
18023.0,104000.0,4
18025.0,89700.0,3
18027.0,121500.0,6
18029.0,165400.0,8
18031.0,124700.0,6
18033.0,118100.0,5
18035.0,90900.0,3
18037.0,149500.0,7
18039.0,137900.0,7
18041.0,82400.0,2
18043.0,165700.0,8
18045.0,94900.0,3
18047.0,151900.0,7
18049.0,97200.0,3
18051.0,110300.0,5
18053.0,89500.0,3
18055.0,95600.0,3
18057.0,249400.0,10
18059.0,165200.0,8
18061.0,143500.0,7
18063.0,179600.0,8
18065.0,96200.0,3
18067.0,106300.0,4
18069.0,105000.0,4
18071.0,116700.0,5
18073.0,158300.0,8
18075.0,85400.0,2
18077.0,123700.0,6
18079.0,103900.0,4
18081.0,158200.0,8
18083.0,88700.0,2
18085.0,146000.0,7
18087.0,179200.0,8
18089.0,143500.0,7
18091.0,127700.0,6
18093.0,115700.0,5
18095.0,93700.0,3
18097.0,129200.0,6
18099.0,134500.0,6
18101.0,111100.0,5
18103.0,87200.0,2
18105.0,167900.0,8
18107.0,120500.0,5
18109.0,154300.0,7
18111.0,115300.0,5
18113.0,118100.0,5
18115.0,148100.0,7
18117.0,92200.0,3
18119.0,113500.0,5
18121.0,91300.0,3
18123.0,108800.0,4
18125.0,96700.0,3
18127.0,178100.0,8
18129.0,141000.0,7
18131.0,98700.0,4
18133.0,121300.0,6
18135.0,79600.0,2
18137.0,149800.0,7
18139.0,104300.0,4
18141.0,123900.0,6
18143.0,99600.0,4
18145.0,130100.0,6
18147.0,121000.0,5
18149.0,108000.0,4
18151.0,140600.0,7
18153.0,85500.0,2
18155.0,110800.0,5
18157.0,148800.0,7
18159.0,106200.0,4
18161.0,112100.0,5
18163.0,126400.0,6
18165.0,77400.0,1
18167.0,92400.0,3
18169.0,97200.0,3
18171.0,115400.0,5
18173.0,162700.0,8
18175.0,113200.0,5
18177.0,97400.0,3
18179.0,120700.0,5
18181.0,110300.0,5
18183.0,138700.0,7
19001.0,100100.0,4
19003.0,86100.0,2
19005.0,124900.0,6
19007.0,78000.0,1
19009.0,71100.0,1
19011.0,157800.0,8
19013.0,143100.0,7
19015.0,131900.0,6
19017.0,162100.0,8
19019.0,138000.0,7
19021.0,112700.0,5
19023.0,115800.0,5
19025.0,80000.0,2
19027.0,132700.0,6
19029.0,97800.0,3
19031.0,150700.0,7
19033.0,124400.0,6
19035.0,95200.0,3
19037.0,112000.0,5
19039.0,104700.0,4
19041.0,120600.0,5
19043.0,121000.0,5
19045.0,114900.0,5
19047.0,90700.0,3
19049.0,231000.0,9
19051.0,114000.0,5
19053.0,76800.0,1
19055.0,134200.0,6
19057.0,103600.0,4
19059.0,179300.0,8
19061.0,160900.0,8
19063.0,86400.0,2
19065.0,94800.0,3
19067.0,104700.0,4
19069.0,88500.0,2
19071.0,102700.0,4
19073.0,94300.0,3
19075.0,131200.0,6
19077.0,115900.0,5
19079.0,101600.0,4
19081.0,102900.0,4
19083.0,92900.0,3
19085.0,115200.0,5
19087.0,108700.0,4
19089.0,107600.0,4
19091.0,102300.0,4
19093.0,96200.0,3
19095.0,146400.0,7
19097.0,123500.0,6
19099.0,128000.0,6
19101.0,109400.0,4
19103.0,216900.0,9
19105.0,133000.0,6
19107.0,88800.0,3
19109.0,103600.0,4
19111.0,93300.0,3
19113.0,153700.0,7
19115.0,108500.0,4
19117.0,87600.0,2
19119.0,132400.0,6
19121.0,166500.0,8
19123.0,114000.0,5
19125.0,152400.0,7
19127.0,105500.0,4
19129.0,165200.0,8
19131.0,114400.0,5
19133.0,86700.0,2
19135.0,92500.0,3
19137.0,83400.0,2
19139.0,127100.0,6
19141.0,111400.0,5
19143.0,91900.0,3
19145.0,91400.0,3
19147.0,100000.0,4
19149.0,155900.0,7
19151.0,75400.0,1
19153.0,171800.0,8
19155.0,136900.0,6
19157.0,140200.0,7
19159.0,89100.0,3
19161.0,90500.0,3
19163.0,158200.0,8
19165.0,117000.0,5
19167.0,159400.0,8
19169.0,180400.0,8
19171.0,107800.0,4
19173.0,79500.0,2
19175.0,99800.0,4
19177.0,90900.0,3
19179.0,82000.0,2
19181.0,176600.0,8
19183.0,148700.0,7
19185.0,77600.0,1
19187.0,96600.0,3
19189.0,94100.0,3
19191.0,167800.0,8
19193.0,117700.0,5
19195.0,104300.0,4
19197.0,85300.0,2
20001.0,78700.0,2
20003.0,93400.0,3
20005.0,101600.0,4
20007.0,66400.0,1
20009.0,92300.0,3
20011.0,83300.0,2
20013.0,88700.0,2
20015.0,147100.0,7
20017.0,96200.0,3
20019.0,62500.0,1
20021.0,80300.0,2
20023.0,84000.0,2
20025.0,77700.0,1
20027.0,97300.0,3
20029.0,73900.0,1
20031.0,117700.0,5
20033.0,78800.0,2
20035.0,87300.0,2
20037.0,91000.0,3
20039.0,64700.0,1
20041.0,109500.0,4
20043.0,101000.0,4
20045.0,192800.0,9
20047.0,60600.0,1
20049.0,50400.0,1
20051.0,164500.0,8
20053.0,94200.0,3
20055.0,140500.0,7
20057.0,109900.0,5
20059.0,125600.0,6
20061.0,142200.0,7
20063.0,80600.0,2
20065.0,70100.0,1
20067.0,109000.0,4
20069.0,131300.0,6
20071.0,97900.0,3
20073.0,63500.0,1
20075.0,84600.0,2
20077.0,72300.0,1
20079.0,123100.0,6
20081.0,104700.0,4
20083.0,81700.0,2
20085.0,132500.0,6
20087.0,145000.0,7
20089.0,52800.0,1
20091.0,244100.0,10
20093.0,109500.0,4
20095.0,94200.0,3
20097.0,119900.0,5
20099.0,78800.0,2
20101.0,76700.0,1
20103.0,173900.0,8
20105.0,73200.0,1
20107.0,99800.0,4
20109.0,87200.0,2
20111.0,104100.0,4
20113.0,146600.0,7
20115.0,86800.0,2
20117.0,94900.0,3
20119.0,92700.0,3
20121.0,191100.0,9
20123.0,85300.0,2
20125.0,75000.0,1
20127.0,101200.0,4
20129.0,94700.0,3
20131.0,123500.0,6
20133.0,81200.0,2
20135.0,73400.0,1
20137.0,75100.0,1
20139.0,110700.0,5
20141.0,68500.0,1
20143.0,98800.0,4
20145.0,75300.0,1
20147.0,80000.0,2
20149.0,181200.0,8
20151.0,93200.0,3
20153.0,95000.0,3
20155.0,98100.0,3
20157.0,62800.0,1
20159.0,74700.0,1
20161.0,194800.0,9
20163.0,78000.0,1
20165.0,72300.0,1
20167.0,89300.0,3
20169.0,128500.0,6
20171.0,134200.0,6
20173.0,135600.0,6
20175.0,98200.0,3
20177.0,130500.0,6
20179.0,106900.0,4
20181.0,92700.0,3
20183.0,66900.0,1
20185.0,62200.0,1
20187.0,79700.0,2
20189.0,111900.0,5
20191.0,87400.0,2
20193.0,120800.0,5
20195.0,90100.0,3
20197.0,129100.0,6
20199.0,99300.0,4
20201.0,78200.0,1
20203.0,88900.0,3
20205.0,67400.0,1
20207.0,59800.0,1
20209.0,95600.0,3
21001.0,89600.0,3
21003.0,112300.0,5
21005.0,142200.0,7
21007.0,99800.0,4
21009.0,116500.0,5
21011.0,88200.0,2
21013.0,59900.0,1
21015.0,186500.0,9
21017.0,142000.0,7
21019.0,110000.0,5
21021.0,142100.0,7
21023.0,102000.0,4
21025.0,50800.0,1
21027.0,99600.0,4
21029.0,157900.0,8
21031.0,90100.0,3
21033.0,89100.0,3
21035.0,137200.0,6
21037.0,168300.0,8
21039.0,93500.0,3
21041.0,111200.0,5
21043.0,88400.0,2
21045.0,80700.0,2
21047.0,113900.0,5
21049.0,141600.0,7
21051.0,58300.0,1
21053.0,65400.0,1
21055.0,89800.0,3
21057.0,91400.0,3
21059.0,130800.0,6
21061.0,90800.0,3
21063.0,75400.0,1
21065.0,75300.0,1
21067.0,180700.0,8
21069.0,92300.0,3
21071.0,72700.0,1
21073.0,142100.0,7
21075.0,63100.0,1
21077.0,111900.0,5
21079.0,139100.0,7
21081.0,129000.0,6
21083.0,98800.0,4
21085.0,107000.0,4
21087.0,77500.0,1
21089.0,109100.0,4
21091.0,110300.0,5
21093.0,153900.0,7
21095.0,58500.0,1
21097.0,137200.0,6
21099.0,92500.0,3
21101.0,127200.0,6
21103.0,129000.0,6
21105.0,79100.0,2
21107.0,105900.0,4
21109.0,78200.0,1
21111.0,164400.0,8
21113.0,168100.0,8
21115.0,96300.0,3
21117.0,155200.0,7
21119.0,51200.0,1
21121.0,82400.0,2
21123.0,107500.0,4
21125.0,107500.0,4
21127.0,82300.0,2
21129.0,65000.0,1
21131.0,62000.0,1
21133.0,58500.0,1
21135.0,67400.0,1
21137.0,100500.0,4
21139.0,104900.0,4
21141.0,108900.0,4
21143.0,134100.0,6
21145.0,138900.0,7
21147.0,64400.0,1
21149.0,98500.0,4
21151.0,155000.0,7
21153.0,72300.0,1
21155.0,103100.0,4
21157.0,123000.0,6
21159.0,67500.0,1
21161.0,119500.0,5
21163.0,150700.0,7
21165.0,78600.0,2
21167.0,144200.0,7
21169.0,78300.0,2
21171.0,74600.0,1
21173.0,117200.0,5
21175.0,75000.0,1
21177.0,85700.0,2
21179.0,149500.0,7
21181.0,84600.0,2
21183.0,91300.0,3
21185.0,271900.0,10
21187.0,99400.0,4
21189.0,71900.0,1
21191.0,104900.0,4
21193.0,73800.0,1
21195.0,78400.0,2
21197.0,79600.0,2
21199.0,110500.0,5
21201.0,100100.0,4
21203.0,80800.0,2
21205.0,125800.0,6
21207.0,85700.0,2
21209.0,178400.0,8
21211.0,187200.0,9
21213.0,131600.0,6
21215.0,201300.0,9
21217.0,117200.0,5
21219.0,102900.0,4
21221.0,124400.0,6
21223.0,118100.0,5
21225.0,86500.0,2
21227.0,160600.0,8
21229.0,113700.0,5
21231.0,81200.0,2
21233.0,81300.0,2
21235.0,87700.0,2
21237.0,63600.0,1
21239.0,196700.0,9
22001.0,107700.0,4
22003.0,93000.0,3
22005.0,191300.0,9
22007.0,113100.0,5
22009.0,97400.0,3
22011.0,116600.0,5
22013.0,72300.0,1
22015.0,168300.0,8
22017.0,144400.0,7
22019.0,149400.0,7
22021.0,74100.0,1
22023.0,113900.0,5
22025.0,82100.0,2
22027.0,76800.0,1
22029.0,84000.0,2
22031.0,110900.0,5
22033.0,186100.0,9
22035.0,75600.0,1
22037.0,120200.0,5
22039.0,92200.0,3
22041.0,86000.0,2
22043.0,105700.0,4
22045.0,112000.0,5
22047.0,143800.0,7
22049.0,87200.0,2
22051.0,180500.0,8
22053.0,111600.0,5
22055.0,177500.0,8
22057.0,151600.0,7
22059.0,80000.0,2
22061.0,150600.0,7
22063.0,159900.0,8
22065.0,65500.0,1
22067.0,90900.0,3
22069.0,122600.0,6
22071.0,219600.0,9
22073.0,140900.0,7
22075.0,173200.0,8
22077.0,131700.0,6
22079.0,138600.0,7
22081.0,80800.0,2
22083.0,87200.0,2
22085.0,92300.0,3
22087.0,142400.0,7
22089.0,189300.0,9
22091.0,86900.0,2
22093.0,152500.0,7
22095.0,152600.0,7
22097.0,104200.0,4
22099.0,121500.0,6
22101.0,106200.0,4
22103.0,212700.0,9
22105.0,154000.0,7
22107.0,68600.0,1
22109.0,148800.0,7
22111.0,99000.0,4
22113.0,114300.0,5
22115.0,118900.0,5
22117.0,88500.0,2
22119.0,83300.0,2
22121.0,191400.0,9
22123.0,87100.0,2
22125.0,204500.0,9
22127.0,78300.0,2
23001.0,153500.0,7
23003.0,98000.0,3
23005.0,269200.0,10
23007.0,138800.0,7
23009.0,211700.0,9
23011.0,155000.0,7
23013.0,206800.0,9
23015.0,213300.0,9
23017.0,142200.0,7
23019.0,140800.0,7
23021.0,113800.0,5
23023.0,200500.0,9
23025.0,112400.0,5
23027.0,160900.0,8
23029.0,110500.0,5
23031.0,241200.0,10
24001.0,119200.0,5
24003.0,355200.0,10
24005.0,255400.0,10
24009.0,349200.0,10
24011.0,199600.0,9
24013.0,333500.0,10
24015.0,237300.0,9
24017.0,302800.0,10
24019.0,179300.0,8
24021.0,323600.0,10
24023.0,169700.0,8
24025.0,286700.0,10
24027.0,448000.0,10
24029.0,244200.0,10
24031.0,476500.0,10
24033.0,287800.0,10
24035.0,348000.0,10
24037.0,295000.0,10
24039.0,140300.0,7
24041.0,331500.0,10
24043.0,208200.0,9
24045.0,171700.0,8
24047.0,255400.0,10
24510.0,156400.0,7
25001.0,384100.0,10
25003.0,208500.0,9
25005.0,290100.0,10
25007.0,667400.0,10
25009.0,389900.0,10
25011.0,229300.0,9
25013.0,203100.0,9
25015.0,277200.0,10
25017.0,476500.0,10
25019.0,1056500.0,10
25021.0,452500.0,10
25023.0,356700.0,10
25025.0,463200.0,10
25027.0,269900.0,10
26001.0,99800.0,4
26003.0,123500.0,6
26005.0,157400.0,8
26007.0,95600.0,3
26009.0,157600.0,8
26011.0,90000.0,3
26013.0,102700.0,4
26015.0,154100.0,7
26017.0,100500.0,4
26019.0,172000.0,8
26021.0,146300.0,7
26023.0,104100.0,4
26025.0,105300.0,4
26027.0,134700.0,6
26029.0,162900.0,8
26031.0,125100.0,6
26033.0,112300.0,5
26035.0,88400.0,2
26037.0,167900.0,8
26039.0,101400.0,4
26041.0,110500.0,5
26043.0,99600.0,4
26045.0,147300.0,7
26047.0,178300.0,8
26049.0,104800.0,4
26051.0,104700.0,4
26053.0,69900.0,1
26055.0,194200.0,9
26057.0,94300.0,3
26059.0,112000.0,5
26061.0,106900.0,4
26063.0,97300.0,3
26065.0,129000.0,6
26067.0,122600.0,6
26069.0,91100.0,3
26071.0,77800.0,1
26073.0,131500.0,6
26075.0,124100.0,6
26077.0,153800.0,7
26079.0,108200.0,4
26081.0,163500.0,8
26083.0,113500.0,5
26085.0,84400.0,2
26087.0,159000.0,8
26089.0,256300.0,10
26091.0,133300.0,6
26093.0,233400.0,9
26095.0,83800.0,2
26097.0,135000.0,6
26099.0,157700.0,8
26101.0,120900.0,5
26103.0,149900.0,7
26105.0,137700.0,7
26107.0,117700.0,5
26109.0,95800.0,3
26111.0,137600.0,7
26113.0,111400.0,5
26115.0,155700.0,7
26117.0,107400.0,4
26119.0,100000.0,4
26121.0,111000.0,5
26123.0,111200.0,5
26125.0,228800.0,9
26127.0,112200.0,5
26129.0,93400.0,3
26131.0,68300.0,1
26133.0,93500.0,3
26135.0,86800.0,2
26137.0,135500.0,6
26139.0,179300.0,8
26141.0,102300.0,4
26143.0,102700.0,4
26145.0,97700.0,3
26147.0,146500.0,7
26149.0,115100.0,5
26151.0,106400.0,4
26153.0,109300.0,4
26155.0,115300.0,5
26157.0,101300.0,4
26159.0,131400.0,6
26161.0,246000.0,10
26163.0,102700.0,4
26165.0,100200.0,4
27001.0,174400.0,8
27003.0,218800.0,9
27005.0,187600.0,9
27007.0,157000.0,7
27009.0,166700.0,8
27011.0,97900.0,3
27013.0,177800.0,8
27015.0,135800.0,6
27017.0,166200.0,8
27019.0,301900.0,10
27021.0,182700.0,9
27023.0,114600.0,5
27025.0,219400.0,9
27027.0,183300.0,9
27029.0,123800.0,6
27031.0,252900.0,10
27033.0,90800.0,3
27035.0,194400.0,9
27037.0,252000.0,10
27039.0,174400.0,8
27041.0,209800.0,9
27043.0,88500.0,2
27045.0,152900.0,7
27047.0,111400.0,5
27049.0,196100.0,9
27051.0,105700.0,4
27053.0,260300.0,10
27055.0,167600.0,8
27057.0,189500.0,9
27059.0,186000.0,9
27061.0,159000.0,8
27063.0,120000.0,5
27065.0,152600.0,7
27067.0,168400.0,8
27069.0,74100.0,1
27071.0,106300.0,4
27073.0,85600.0,2
27075.0,170400.0,8
27077.0,152400.0,7
27079.0,197600.0,9
27081.0,94300.0,3
27083.0,141100.0,7
27085.0,157900.0,8
27087.0,94900.0,3
27089.0,111500.0,5
27091.0,114900.0,5
27093.0,165500.0,8
27095.0,157200.0,7
27097.0,165200.0,8
27099.0,120500.0,5
27101.0,113300.0,5
27103.0,182100.0,9
27105.0,120900.0,5
27107.0,93400.0,3
27109.0,199500.0,9
27111.0,179500.0,8
27113.0,142100.0,7
27115.0,157400.0,8
27117.0,97700.0,3
27119.0,158200.0,8
27121.0,165000.0,8
27123.0,219400.0,9
27125.0,113600.0,5
27127.0,100800.0,4
27129.0,102700.0,4
27131.0,196500.0,9
27133.0,137100.0,6
27135.0,125700.0,6
27137.0,152000.0,7
27139.0,285200.0,10
27141.0,217200.0,9
27143.0,151000.0,7
27145.0,176000.0,8
27147.0,158500.0,8
27149.0,154100.0,7
27151.0,103100.0,4
27153.0,149300.0,7
27155.0,82000.0,2
27157.0,173100.0,8
27159.0,123700.0,6
27161.0,150700.0,7
27163.0,277400.0,10
27165.0,94300.0,3
27167.0,125600.0,6
27169.0,161100.0,8
27171.0,225600.0,9
27173.0,101800.0,4
28001.0,92800.0,3
28003.0,92400.0,3
28005.0,75500.0,1
28007.0,76000.0,1
28009.0,68800.0,1
28011.0,94700.0,3
28013.0,67700.0,1
28015.0,89300.0,3
28017.0,66000.0,1
28019.0,81600.0,2
28021.0,63000.0,1
28023.0,79700.0,2
28025.0,87400.0,2
28027.0,67200.0,1
28029.0,97900.0,3
28031.0,78600.0,2
28033.0,162000.0,8
28035.0,120700.0,5
28037.0,76500.0,1
28039.0,109800.0,4
28041.0,80900.0,2
28043.0,99700.0,4
28045.0,144400.0,7
28047.0,144500.0,7
28049.0,115200.0,5
28051.0,56100.0,1
28053.0,68900.0,1
28055.0,57500.0,1
28057.0,89500.0,3
28059.0,129400.0,6
28061.0,73400.0,1
28063.0,62300.0,1
28065.0,84200.0,2
28067.0,92100.0,3
28069.0,71200.0,1
28071.0,188600.0,9
28073.0,170400.0,8
28075.0,93100.0,3
28077.0,93200.0,3
28079.0,78500.0,2
28081.0,131300.0,6
28083.0,79700.0,2
28085.0,99600.0,4
28087.0,131800.0,6
28089.0,215100.0,9
28091.0,85100.0,2
28093.0,108000.0,4
28095.0,88200.0,2
28097.0,80000.0,2
28099.0,81400.0,2
28101.0,83000.0,2
28103.0,60800.0,1
28105.0,161100.0,8
28107.0,77400.0,1
28109.0,128600.0,6
28111.0,83700.0,2
28113.0,91400.0,3
28115.0,102700.0,4
28117.0,91800.0,3
28119.0,52300.0,1
28121.0,160000.0,8
28123.0,68700.0,1
28125.0,61800.0,1
28127.0,84200.0,2
28129.0,95400.0,3
28131.0,117800.0,5
28133.0,73900.0,1
28135.0,63500.0,1
28137.0,117800.0,5
28139.0,83100.0,2
28141.0,85300.0,2
28143.0,101600.0,4
28145.0,95000.0,3
28147.0,90400.0,3
28149.0,118600.0,5
28151.0,74700.0,1
28153.0,84000.0,2
28155.0,83100.0,2
28157.0,70000.0,1
28159.0,84100.0,2
28161.0,83100.0,2
28163.0,81400.0,2
29001.0,118100.0,5
29003.0,140100.0,7
29005.0,85600.0,2
29007.0,98300.0,3
29009.0,116400.0,5
29011.0,96100.0,3
29013.0,114500.0,5
29015.0,116500.0,5
29017.0,105400.0,4
29019.0,179800.0,8
29021.0,118400.0,5
29023.0,109800.0,4
29025.0,107900.0,4
29027.0,144200.0,7
29029.0,183500.0,9
29031.0,155000.0,7
29033.0,84100.0,2
29035.0,116600.0,5
29037.0,171800.0,8
29039.0,105000.0,4
29041.0,91600.0,3
29043.0,162900.0,8
29045.0,88100.0,2
29047.0,167700.0,8
29049.0,152400.0,7
29051.0,160300.0,8
29053.0,131100.0,6
29055.0,117900.0,5
29057.0,81300.0,2
29059.0,111900.0,5
29061.0,107500.0,4
29063.0,113500.0,5
29065.0,110900.0,5
29067.0,113200.0,5
29069.0,73700.0,1
29071.0,160600.0,8
29073.0,133200.0,6
29075.0,87200.0,2
29077.0,141200.0,7
29079.0,91400.0,3
29081.0,74600.0,1
29083.0,102300.0,4
29085.0,94900.0,3
29087.0,96100.0,3
29089.0,116100.0,5
29091.0,104500.0,4
29093.0,83700.0,2
29095.0,139000.0,7
29097.0,115900.0,5
29099.0,158100.0,8
29101.0,151100.0,7
29103.0,71900.0,1
29105.0,114400.0,5
29107.0,127300.0,6
29109.0,105700.0,4
29111.0,87000.0,2
29113.0,157500.0,8
29115.0,82700.0,2
29117.0,103500.0,4
29119.0,97400.0,3
29121.0,95600.0,3
29123.0,98600.0,4
29125.0,122200.0,6
29127.0,121400.0,6
29129.0,87500.0,2
29131.0,134800.0,6
29133.0,75300.0,1
29135.0,123500.0,6
29137.0,101100.0,4
29139.0,104900.0,4
29141.0,122300.0,6
29143.0,75500.0,1
29145.0,122900.0,6
29147.0,124600.0,6
29149.0,90200.0,3
29151.0,146000.0,7
29153.0,100500.0,4
29155.0,78600.0,2
29157.0,138500.0,7
29159.0,115200.0,5
29161.0,129400.0,6
29163.0,106100.0,4
29165.0,216600.0,9
29167.0,125700.0,6
29169.0,151200.0,7
29171.0,84300.0,2
29173.0,136100.0,6
29175.0,101700.0,4
29177.0,129300.0,6
29179.0,95100.0,3
29181.0,85000.0,2
29183.0,208900.0,9
29185.0,83600.0,2
29186.0,158300.0,8
29187.0,120700.0,5
29189.0,190100.0,9
29195.0,102000.0,4
29197.0,70500.0,1
29199.0,87200.0,2
29201.0,106300.0,4
29203.0,110100.0,5
29205.0,74700.0,1
29207.0,99300.0,4
29209.0,165400.0,8
29211.0,75400.0,1
29213.0,128200.0,6
29215.0,110300.0,5
29217.0,99000.0,4
29219.0,172400.0,8
29221.0,93700.0,3
29223.0,74900.0,1
29225.0,127900.0,6
29227.0,66000.0,1
29229.0,100400.0,4
29510.0,131900.0,6
30001.0,194900.0,9
30003.0,110900.0,5
30005.0,89800.0,3
30007.0,203700.0,9
30009.0,239500.0,10
30011.0,101300.0,4
30013.0,171700.0,8
30015.0,137200.0,6
30017.0,160700.0,8
30019.0,136100.0,6
30021.0,156600.0,7
30023.0,120300.0,5
30025.0,165700.0,8
30027.0,134900.0,6
30029.0,259400.0,10
30031.0,330400.0,10
30033.0,105800.0,4
30035.0,109800.0,4
30037.0,105100.0,4
30039.0,216500.0,9
30041.0,140900.0,7
30043.0,277500.0,10
30045.0,141100.0,7
30047.0,235300.0,9
30049.0,230600.0,9
30051.0,114000.0,5
30053.0,190500.0,9
30055.0,126300.0,6
30057.0,254900.0,10
30059.0,155000.0,7
30061.0,166000.0,8
30063.0,271400.0,10
30065.0,180400.0,8
30067.0,255700.0,10
30069.0,133300.0,6
30071.0,126500.0,6
30073.0,123500.0,6
30075.0,122900.0,6
30077.0,149500.0,7
30079.0,109400.0,4
30081.0,262600.0,10
30083.0,217400.0,9
30085.0,119400.0,5
30087.0,116800.0,5
30089.0,224200.0,9
30091.0,135900.0,6
30093.0,143300.0,7
30095.0,246600.0,10
30097.0,242100.0,10
30099.0,163000.0,8
30101.0,136300.0,6
30103.0,100000.0,4
30105.0,131800.0,6
30107.0,89800.0,3
30109.0,102500.0,4
30111.0,216900.0,9
31001.0,118300.0,5
31003.0,80600.0,2
31005.0,104600.0,4
31007.0,136000.0,6
31009.0,83900.0,2
31011.0,111800.0,5
31013.0,120100.0,5
31015.0,67100.0,1
31017.0,80100.0,2
31019.0,165800.0,8
31021.0,94600.0,3
31023.0,112600.0,5
31025.0,170700.0,8
31027.0,121000.0,5
31029.0,122700.0,6
31031.0,120700.0,5
31033.0,104900.0,4
31035.0,88300.0,2
31037.0,87800.0,2
31039.0,115200.0,5
31041.0,94800.0,3
31043.0,114900.0,5
31045.0,120000.0,5
31047.0,99200.0,4
31049.0,78200.0,1
31051.0,90700.0,3
31053.0,122600.0,6
31055.0,161400.0,8
31057.0,76300.0,1
31059.0,79100.0,2
31061.0,65200.0,1
31063.0,100200.0,4
31065.0,68800.0,1
31067.0,115500.0,5
31069.0,81100.0,2
31071.0,98500.0,4
31073.0,115100.0,5
31075.0,57700.0,1
31077.0,79100.0,2
31079.0,142300.0,7
31081.0,140400.0,7
31083.0,88200.0,2
31085.0,62500.0,1
31087.0,57800.0,1
31089.0,108500.0,4
31091.0,84200.0,2
31093.0,127400.0,6
31095.0,80100.0,2
31097.0,83200.0,2
31099.0,140000.0,7
31101.0,114200.0,5
31103.0,71400.0,1
31105.0,79800.0,2
31107.0,89300.0,3
31109.0,167900.0,8
31111.0,135700.0,6
31113.0,110800.0,5
31115.0,122600.0,6
31117.0,119300.0,5
31119.0,136900.0,6
31121.0,100800.0,4
31123.0,92900.0,3
31125.0,78400.0,2
31127.0,109500.0,4
31129.0,70800.0,1
31131.0,134700.0,6
31133.0,71600.0,1
31135.0,113100.0,5
31137.0,127000.0,6
31139.0,116700.0,5
31141.0,143900.0,7
31143.0,100200.0,4
31145.0,99600.0,4
31147.0,66800.0,1
31149.0,78300.0,2
31151.0,98000.0,3
31153.0,183700.0,9
31155.0,161800.0,8
31157.0,121900.0,6
31159.0,162600.0,8
31161.0,72300.0,1
31163.0,89400.0,3
31165.0,113900.0,5
31167.0,115100.0,5
31169.0,66800.0,1
31171.0,120300.0,5
31173.0,81900.0,2
31175.0,107800.0,4
31177.0,185800.0,9
31179.0,135900.0,6
31181.0,78300.0,2
31183.0,89000.0,3
31185.0,127500.0,6
32001.0,174100.0,8
32003.0,238300.0,10
32005.0,346500.0,10
32007.0,200800.0,9
32009.0,74000.0,1
32011.0,84400.0,2
32013.0,173300.0,8
32015.0,185300.0,9
32017.0,134700.0,6
32019.0,183900.0,9
32021.0,85900.0,2
32023.0,139100.0,7
32027.0,100800.0,4
32029.0,222900.0,9
32031.0,299400.0,10
32033.0,151900.0,7
32510.0,242200.0,10
33001.0,222300.0,9
33003.0,236500.0,9
33005.0,190600.0,9
33007.0,124900.0,6
33009.0,220400.0,9
33011.0,265000.0,10
33013.0,232100.0,9
33015.0,310200.0,10
33017.0,226600.0,9
33019.0,174000.0,8
34001.0,218300.0,9
34003.0,459200.0,10
34005.0,247600.0,10
34007.0,195800.0,9
34009.0,296600.0,10
34011.0,162500.0,8
34013.0,372600.0,10
34015.0,216700.0,9
34017.0,364100.0,10
34019.0,402800.0,10
34021.0,284200.0,10
34023.0,336200.0,10
34025.0,408400.0,10
34027.0,448800.0,10
34029.0,272900.0,10
34031.0,336600.0,10
34033.0,185300.0,9
34035.0,420500.0,10
34037.0,266000.0,10
34039.0,357300.0,10
34041.0,260000.0,10
35001.0,194300.0,9
35003.0,161800.0,8
35005.0,108700.0,4
35006.0,86800.0,2
35007.0,107400.0,4
35009.0,127700.0,6
35011.0,95600.0,3
35013.0,141700.0,7
35015.0,148300.0,7
35017.0,126700.0,6
35019.0,85400.0,2
35021.0,83000.0,2
35023.0,83400.0,2
35025.0,123900.0,6
35027.0,206600.0,9
35028.0,292200.0,10
35029.0,84500.0,2
35031.0,64500.0,1
35033.0,103300.0,4
35035.0,108300.0,4
35037.0,72200.0,1
35039.0,164800.0,8
35041.0,113800.0,5
35043.0,191300.0,9
35045.0,150400.0,7
35047.0,127200.0,6
35049.0,282600.0,10
35051.0,111900.0,5
35053.0,97200.0,3
35055.0,236600.0,9
35057.0,112600.0,5
35059.0,81300.0,2
35061.0,136000.0,6
36001.0,218100.0,9
36003.0,73900.0,1
36005.0,382900.0,10
36007.0,115600.0,5
36009.0,86200.0,2
36011.0,123000.0,6
36013.0,86300.0,2
36015.0,106500.0,4
36017.0,97000.0,3
36019.0,132000.0,6
36021.0,231100.0,9
36023.0,118100.0,5
36025.0,136300.0,6
36027.0,278100.0,10
36029.0,146500.0,7
36031.0,151900.0,7
36033.0,105500.0,4
36035.0,108700.0,4
36037.0,117600.0,5
36039.0,174700.0,8
36041.0,164900.0,8
36043.0,97200.0,3
36045.0,149500.0,7
36047.0,665300.0,10
36049.0,120000.0,5
36051.0,126700.0,6
36053.0,131800.0,6
36055.0,144700.0,7
36057.0,101000.0,4
36059.0,474800.0,10
36061.0,944600.0,10
36063.0,119300.0,5
36065.0,123100.0,6
36067.0,142300.0,7
36069.0,160000.0,8
36071.0,263700.0,10
36073.0,95600.0,3
36075.0,102000.0,4
36077.0,144000.0,7
36079.0,356300.0,10
36081.0,504900.0,10
36083.0,185100.0,9
36085.0,478600.0,10
36087.0,434000.0,10
36089.0,91600.0,3
36091.0,251200.0,10
36093.0,165400.0,8
36095.0,143500.0,7
36097.0,121300.0,6
36099.0,101400.0,4
36101.0,98200.0,3
36103.0,386800.0,10
36105.0,169500.0,8
36107.0,117100.0,5
36109.0,199400.0,9
36111.0,225500.0,9
36113.0,193800.0,9
36115.0,145900.0,7
36117.0,121700.0,6
36119.0,528300.0,10
36121.0,112200.0,5
36123.0,128800.0,6
37001.0,147800.0,7
37003.0,130600.0,6
37005.0,126000.0,6
37007.0,89300.0,3
37009.0,152500.0,7
37011.0,150600.0,7
37013.0,128300.0,6
37015.0,80900.0,2
37017.0,90000.0,3
37019.0,199900.0,9
37021.0,222300.0,9
37023.0,116400.0,5
37025.0,189100.0,9
37027.0,115700.0,5
37029.0,210300.0,9
37031.0,207900.0,9
37033.0,109100.0,4
37035.0,141900.0,7
37037.0,265900.0,10
37039.0,152200.0,7
37041.0,124700.0,6
37043.0,165900.0,8
37045.0,114300.0,5
37047.0,87300.0,2
37049.0,158300.0,8
37051.0,132500.0,6
37053.0,251800.0,10
37055.0,287600.0,10
37057.0,137000.0,6
37059.0,172700.0,8
37061.0,87000.0,2
37063.0,209300.0,9
37065.0,85200.0,2
37067.0,154500.0,7
37069.0,143700.0,7
37071.0,136500.0,6
37073.0,144000.0,7
37075.0,119200.0,5
37077.0,149400.0,7
37079.0,85900.0,2
37081.0,162400.0,8
37083.0,86100.0,2
37085.0,148400.0,7
37087.0,175600.0,8
37089.0,203400.0,9
37091.0,85400.0,2
37093.0,139000.0,7
37095.0,108300.0,4
37097.0,180700.0,8
37099.0,192300.0,9
37101.0,156800.0,7
37103.0,88700.0,2
37105.0,138300.0,7
37107.0,95700.0,3
37109.0,160800.0,8
37111.0,113900.0,5
37113.0,165800.0,8
37115.0,180400.0,8
37117.0,88400.0,2
37119.0,219800.0,9
37121.0,150100.0,7
37123.0,108300.0,4
37125.0,210200.0,9
37127.0,126200.0,6
37129.0,233700.0,9
37131.0,83100.0,2
37133.0,153900.0,7
37135.0,292500.0,10
37137.0,154500.0,7
37139.0,158700.0,8
37141.0,179500.0,8
37143.0,169900.0,8
37145.0,117100.0,5
37147.0,141100.0,7
37149.0,212300.0,9
37151.0,120800.0,5
37153.0,80100.0,2
37155.0,74600.0,1
37157.0,111400.0,5
37159.0,130700.0,6
37161.0,114800.0,5
37163.0,88800.0,3
37165.0,84500.0,2
37167.0,134100.0,6
37169.0,128600.0,6
37171.0,121000.0,5
37173.0,123200.0,6
37175.0,211300.0,9
37177.0,109900.0,5
37179.0,229200.0,9
37181.0,97700.0,3
37183.0,265800.0,10
37185.0,95000.0,3
37187.0,85000.0,2
37189.0,239400.0,10
37191.0,121900.0,6
37193.0,124000.0,6
37195.0,121300.0,6
37197.0,125800.0,6
37199.0,149800.0,7
38001.0,148800.0,7
38003.0,118800.0,5
38005.0,73600.0,1
38007.0,181600.0,9
38009.0,149400.0,7
38011.0,149300.0,7
38013.0,114500.0,5
38015.0,250600.0,10
38017.0,211500.0,9
38019.0,98600.0,4
38021.0,105300.0,4
38023.0,159300.0,8
38025.0,189100.0,9
38027.0,83500.0,2
38029.0,101700.0,4
38031.0,127800.0,6
38033.0,120000.0,5
38035.0,193300.0,9
38037.0,77700.0,1
38039.0,98200.0,3
38041.0,111000.0,5
38043.0,104900.0,4
38045.0,103200.0,4
38047.0,84300.0,2
38049.0,123200.0,6
38051.0,76600.0,1
38053.0,211900.0,9
38055.0,163000.0,8
38057.0,175200.0,8
38059.0,199800.0,9
38061.0,167900.0,8
38063.0,85200.0,2
38065.0,177600.0,8
38067.0,89700.0,3
38069.0,114800.0,5
38071.0,152100.0,7
38073.0,123200.0,6
38075.0,140400.0,7
38077.0,124300.0,6
38079.0,81400.0,2
38081.0,105400.0,4
38083.0,83400.0,2
38085.0,83000.0,2
38087.0,89500.0,3
38089.0,238100.0,10
38091.0,78300.0,2
38093.0,146100.0,7
38095.0,74100.0,1
38097.0,139400.0,7
38099.0,85600.0,2
38101.0,209400.0,9
38103.0,97900.0,3
38105.0,256000.0,10
39001.0,100200.0,4
39003.0,113500.0,5
39005.0,124900.0,6
39007.0,108300.0,4
39009.0,122000.0,6
39011.0,143800.0,7
39013.0,98500.0,4
39015.0,124500.0,6
39017.0,165900.0,8
39019.0,123900.0,6
39021.0,126200.0,6
39023.0,111600.0,5
39025.0,164200.0,8
39027.0,125300.0,6
39029.0,106700.0,4
39031.0,100000.0,4
39033.0,87200.0,2
39035.0,128000.0,6
39037.0,114900.0,5
39039.0,117700.0,5
39041.0,293900.0,10
39043.0,136700.0,6
39045.0,173600.0,8
39047.0,112700.0,5
39049.0,165800.0,8
39051.0,137000.0,6
39053.0,106200.0,4
39055.0,230200.0,9
39057.0,168200.0,8
39059.0,106600.0,4
39061.0,149300.0,7
39063.0,139900.0,7
39065.0,98400.0,4
39067.0,89800.0,3
39069.0,121900.0,6
39071.0,111700.0,5
39073.0,126700.0,6
39075.0,200700.0,9
39077.0,120800.0,5
39079.0,94600.0,3
39081.0,90000.0,3
39083.0,147900.0,7
39085.0,153100.0,7
39087.0,103000.0,4
39089.0,164100.0,8
39091.0,129100.0,6
39093.0,145100.0,7
39095.0,113100.0,5
39097.0,162200.0,8
39099.0,103400.0,4
39101.0,97500.0,3
39103.0,189700.0,9
39105.0,92900.0,3
39107.0,144100.0,7
39109.0,145800.0,7
39111.0,104700.0,4
39113.0,115400.0,5
39115.0,96500.0,3
39117.0,144900.0,7
39119.0,116200.0,5
39121.0,98400.0,4
39123.0,148400.0,7
39125.0,94300.0,3
39127.0,107600.0,4
39129.0,157800.0,8
39131.0,106500.0,4
39133.0,157300.0,7
39135.0,119300.0,5
39137.0,151600.0,7
39139.0,105600.0,4
39141.0,120900.0,5
39143.0,113100.0,5
39145.0,94500.0,3
39147.0,101800.0,4
39149.0,139100.0,7
39151.0,130700.0,6
39153.0,140700.0,7
39155.0,102500.0,4
39157.0,121900.0,6
39159.0,196500.0,9
39161.0,102400.0,4
39163.0,90600.0,3
39165.0,210900.0,9
39167.0,125600.0,6
39169.0,145700.0,7
39171.0,98300.0,3
39173.0,157900.0,8
39175.0,115800.0,5
40001.0,83500.0,2
40003.0,78900.0,2
40005.0,98800.0,4
40007.0,101800.0,4
40009.0,120100.0,5
40011.0,82900.0,2
40013.0,107700.0,4
40015.0,82500.0,2
40017.0,160200.0,8
40019.0,112400.0,5
40021.0,115900.0,5
40023.0,95500.0,3
40025.0,55800.0,1
40027.0,159500.0,8
40029.0,84900.0,2
40031.0,125400.0,6
40033.0,75400.0,1
40035.0,104700.0,4
40037.0,116200.0,5
40039.0,135500.0,6
40041.0,114900.0,5
40043.0,93700.0,3
40045.0,84700.0,2
40047.0,106800.0,4
40049.0,95200.0,3
40051.0,125800.0,6
40053.0,78500.0,2
40055.0,71700.0,1
40057.0,62600.0,1
40059.0,79500.0,2
40061.0,89600.0,3
40063.0,70800.0,1
40065.0,99000.0,4
40067.0,62500.0,1
40069.0,79100.0,2
40071.0,88800.0,3
40073.0,140500.0,7
40075.0,62100.0,1
40077.0,86200.0,2
40079.0,88400.0,2
40081.0,107700.0,4
40083.0,160700.0,8
40085.0,106400.0,4
40087.0,171700.0,8
40089.0,81600.0,2
40091.0,96000.0,3
40093.0,94700.0,3
40095.0,88000.0,2
40097.0,109900.0,5
40099.0,120000.0,5
40101.0,101900.0,4
40103.0,95800.0,3
40105.0,83500.0,2
40107.0,75900.0,1
40109.0,148000.0,7
40111.0,82600.0,2
40113.0,113400.0,5
40115.0,85100.0,2
40117.0,91500.0,3
40119.0,154000.0,7
40121.0,102200.0,4
40123.0,125700.0,6
40125.0,115900.0,5
40127.0,78500.0,2
40129.0,113400.0,5
40131.0,157300.0,7
40133.0,72900.0,1
40135.0,94600.0,3
40137.0,105500.0,4
40139.0,105900.0,4
40141.0,53100.0,1
40143.0,150500.0,7
40145.0,154400.0,7
40147.0,117100.0,5
40149.0,82600.0,2
40151.0,98400.0,4
40153.0,119500.0,5
41001.0,160900.0,8
41003.0,303200.0,10
41005.0,369100.0,10
41007.0,268100.0,10
41009.0,240500.0,10
41011.0,188300.0,9
41013.0,213000.0,9
41015.0,251500.0,10
41017.0,336400.0,10
41019.0,186700.0,9
41021.0,112900.0,5
41023.0,143100.0,7
41025.0,117600.0,5
41027.0,355100.0,10
41029.0,261700.0,10
41031.0,204100.0,9
41033.0,251000.0,10
41035.0,162100.0,8
41037.0,125300.0,6
41039.0,246500.0,10
41041.0,233400.0,9
41043.0,200900.0,9
41045.0,135500.0,6
41047.0,225800.0,9
41049.0,133900.0,6
41051.0,361300.0,10
41053.0,242600.0,10
41055.0,148300.0,7
41057.0,240400.0,10
41059.0,158200.0,8
41061.0,181800.0,9
41063.0,227700.0,9
41065.0,199700.0,9
41067.0,360400.0,10
41069.0,143500.0,7
41071.0,274900.0,10
42001.0,201900.0,9
42003.0,147700.0,7
42005.0,103600.0,4
42007.0,133600.0,6
42009.0,128200.0,6
42011.0,174200.0,8
42013.0,120300.0,5
42015.0,146200.0,7
42017.0,323300.0,10
42019.0,197600.0,9
42021.0,90900.0,3
42023.0,75800.0,1
42025.0,141600.0,7
42027.0,220500.0,9
42029.0,347000.0,10
42031.0,114300.0,5
42033.0,94000.0,3
42035.0,130900.0,6
42037.0,149100.0,7
42039.0,110900.0,5
42041.0,197900.0,9
42043.0,165200.0,8
42045.0,239600.0,10
42047.0,99000.0,4
42049.0,130000.0,6
42051.0,97200.0,3
42053.0,89500.0,3
42055.0,175600.0,8
42057.0,156800.0,7
42059.0,114400.0,5
42061.0,126800.0,6
42063.0,115500.0,5
42065.0,99800.0,4
42067.0,145300.0,7
42069.0,149700.0,7
42071.0,200400.0,9
42073.0,106500.0,4
42075.0,169200.0,8
42077.0,200100.0,9
42079.0,125400.0,6
42081.0,152400.0,7
42083.0,79800.0,2
42085.0,119600.0,5
42087.0,109900.0,5
42089.0,167000.0,8
42091.0,305800.0,10
42093.0,181500.0,9
42095.0,214200.0,9
42097.0,115200.0,5
42099.0,166200.0,8
42101.0,156800.0,7
42103.0,187000.0,9
42105.0,105500.0,4
42107.0,97400.0,3
42109.0,161400.0,8
42111.0,104300.0,4
42113.0,151800.0,7
42115.0,162500.0,8
42117.0,138700.0,7
42119.0,180200.0,8
42121.0,85700.0,2
42123.0,95400.0,3
42125.0,162600.0,8
42127.0,181000.0,8
42129.0,148900.0,7
42131.0,164000.0,8
42133.0,173200.0,8
44001.0,345200.0,10
44003.0,224600.0,9
44005.0,375000.0,10
44007.0,223600.0,9
44009.0,328300.0,10
45001.0,89000.0,3
45003.0,142200.0,7
45005.0,52100.0,1
45007.0,137200.0,6
45009.0,71400.0,1
45011.0,79900.0,2
45013.0,288900.0,10
45015.0,174000.0,8
45017.0,104000.0,4
45019.0,295600.0,10
45021.0,95300.0,3
45023.0,90500.0,3
45025.0,82400.0,2
45027.0,93800.0,3
45029.0,85100.0,2
45031.0,87800.0,2
45033.0,72800.0,1
45035.0,186300.0,9
45037.0,126500.0,6
45039.0,102700.0,4
45041.0,130400.0,6
45043.0,187200.0,9
45045.0,172100.0,8
45047.0,117300.0,5
45049.0,73000.0,1
45051.0,172500.0,8
45053.0,154400.0,7
45055.0,124700.0,6
45057.0,182400.0,9
45059.0,91300.0,3
45061.0,73300.0,1
45063.0,151900.0,7
45065.0,117700.0,5
45067.0,76700.0,1
45069.0,64000.0,1
45071.0,100000.0,4
45073.0,155200.0,7
45075.0,93200.0,3
45077.0,138900.0,7
45079.0,158200.0,8
45081.0,107700.0,4
45083.0,133700.0,6
45085.0,113900.0,5
45087.0,77300.0,1
45089.0,66700.0,1
45091.0,186000.0,9
46003.0,78300.0,2
46005.0,101000.0,4
46007.0,75700.0,1
46009.0,82300.0,2
46011.0,172300.0,8
46013.0,157900.0,8
46015.0,140600.0,7
46017.0,49600.0,1
46019.0,130900.0,6
46021.0,65300.0,1
46023.0,102200.0,4
46025.0,88700.0,2
46027.0,157600.0,8
46029.0,168500.0,8
46031.0,57500.0,1
46033.0,216800.0,9
46035.0,150100.0,7
46037.0,92900.0,3
46039.0,118500.0,5
46041.0,63600.0,1
46043.0,84500.0,2
46045.0,103100.0,4
46047.0,121100.0,5
46049.0,86400.0,2
46051.0,125700.0,6
46053.0,74300.0,1
46055.0,86900.0,2
46057.0,129800.0,6
46059.0,118700.0,5
46061.0,118600.0,5
46063.0,97100.0,3
46065.0,174900.0,8
46067.0,84700.0,2
46069.0,78000.0,1
46071.0,54900.0,1
46073.0,79600.0,2
46075.0,78600.0,2
46077.0,105800.0,4
46079.0,157200.0,7
46081.0,203000.0,9
46083.0,218400.0,9
46085.0,86600.0,2
46087.0,124200.0,6
46089.0,56300.0,1
46091.0,113900.0,5
46093.0,180500.0,8
46095.0,44500.0,1
46097.0,75000.0,1
46099.0,173400.0,8
46101.0,125300.0,6
46102.0,20700.0,1
46103.0,179900.0,8
46105.0,91200.0,3
46107.0,89800.0,3
46109.0,102300.0,4
46111.0,76700.0,1
46115.0,79800.0,2
46117.0,165800.0,8
46119.0,150400.0,7
46121.0,33500.0,1
46123.0,89400.0,3
46125.0,115000.0,5
46127.0,172400.0,8
46129.0,82900.0,2
46135.0,142700.0,7
46137.0,56900.0,1
47001.0,139800.0,7
47003.0,140500.0,7
47005.0,85800.0,2
47007.0,129400.0,6
47009.0,174600.0,8
47011.0,154100.0,7
47013.0,97200.0,3
47015.0,155300.0,7
47017.0,87100.0,2
47019.0,119600.0,5
47021.0,176400.0,8
47023.0,114400.0,5
47025.0,107500.0,4
47027.0,88700.0,2
47029.0,111000.0,5
47031.0,127200.0,6
47033.0,98900.0,4
47035.0,143000.0,7
47037.0,219900.0,9
47039.0,94700.0,3
47041.0,137800.0,7
47043.0,156600.0,7
47045.0,99100.0,4
47047.0,191200.0,9
47049.0,100400.0,4
47051.0,128900.0,6
47053.0,94900.0,3
47055.0,123300.0,6
47057.0,113500.0,5
47059.0,118500.0,5
47061.0,83100.0,2
47063.0,132200.0,6
47065.0,171400.0,8
47067.0,88800.0,3
47069.0,86200.0,2
47071.0,115800.0,5
47073.0,118600.0,5
47075.0,102200.0,4
47077.0,93500.0,3
47079.0,101200.0,4
47081.0,111300.0,5
47083.0,98300.0,3
47085.0,104200.0,4
47087.0,107000.0,4
47089.0,142200.0,7
47091.0,118700.0,5
47093.0,174700.0,8
47095.0,74500.0,1
47097.0,84100.0,2
47099.0,103200.0,4
47101.0,89700.0,3
47103.0,124000.0,6
47105.0,199400.0,9
47107.0,125300.0,6
47109.0,93600.0,3
47111.0,112500.0,5
47113.0,127100.0,6
47115.0,123500.0,6
47117.0,124700.0,6
47119.0,170400.0,8
47121.0,123400.0,6
47123.0,122600.0,6
47125.0,159500.0,8
47127.0,168300.0,8
47129.0,98400.0,4
47131.0,89200.0,3
47133.0,115300.0,5
47135.0,83400.0,2
47137.0,151900.0,7
47139.0,113800.0,5
47141.0,155700.0,7
47143.0,113500.0,5
47145.0,138100.0,7
47147.0,176300.0,8
47149.0,190200.0,9
47151.0,90400.0,3
47153.0,141500.0,7
47155.0,168600.0,8
47157.0,142300.0,7
47159.0,132100.0,6
47161.0,125500.0,6
47163.0,133900.0,6
47165.0,212100.0,9
47167.0,145800.0,7
47169.0,133200.0,6
47171.0,131000.0,6
47173.0,120000.0,5
47175.0,92800.0,3
47177.0,108200.0,4
47179.0,159400.0,8
47181.0,105600.0,4
47183.0,96000.0,3
47185.0,110300.0,5
47187.0,417700.0,10
47189.0,243400.0,10
48001.0,92900.0,3
48003.0,135600.0,6
48005.0,100600.0,4
48007.0,158400.0,8
48009.0,133500.0,6
48011.0,137700.0,7
48013.0,100200.0,4
48015.0,188900.0,9
48017.0,68600.0,1
48019.0,167600.0,8
48021.0,160100.0,8
48023.0,70500.0,1
48025.0,88200.0,2
48027.0,141200.0,7
48029.0,152400.0,7
48031.0,235700.0,9
48033.0,113100.0,5
48035.0,110600.0,5
48037.0,113300.0,5
48039.0,173900.0,8
48041.0,186000.0,9
48043.0,134300.0,6
48045.0,65400.0,1
48047.0,64000.0,1
48049.0,97500.0,3
48051.0,109800.0,4
48053.0,182600.0,9
48055.0,127800.0,6
48057.0,115000.0,5
48059.0,89000.0,3
48061.0,83300.0,2
48063.0,87500.0,2
48065.0,111100.0,5
48067.0,86200.0,2
48069.0,81900.0,2
48071.0,185700.0,9
48073.0,100700.0,4
48075.0,80000.0,2
48077.0,90200.0,3
48079.0,34100.0,1
48081.0,79100.0,2
48083.0,70000.0,1
48085.0,288900.0,10
48087.0,51800.0,1
48089.0,116300.0,5
48091.0,262400.0,10
48093.0,101400.0,4
48095.0,93500.0,3
48097.0,145700.0,7
48099.0,110100.0,5
48101.0,41500.0,1
48103.0,91900.0,3
48105.0,79900.0,2
48107.0,57800.0,1
48109.0,56900.0,1
48111.0,82800.0,2
48113.0,161500.0,8
48115.0,67300.0,1
48117.0,91800.0,3
48119.0,78400.0,2
48121.0,255300.0,10
48123.0,106200.0,4
48125.0,54100.0,1
48127.0,73800.0,1
48129.0,69500.0,1
48131.0,49800.0,1
48133.0,68500.0,1
48135.0,133900.0,6
48137.0,75300.0,1
48139.0,172900.0,8
48141.0,119100.0,5
48143.0,146000.0,7
48145.0,66200.0,1
48147.0,113200.0,5
48149.0,165000.0,8
48151.0,60100.0,1
48153.0,63900.0,1
48155.0,45200.0,1
48157.0,251100.0,10
48159.0,137300.0,6
48161.0,98800.0,4
48163.0,75300.0,1
48165.0,122800.0,6
48167.0,185100.0,9
48169.0,76400.0,1
48171.0,276100.0,10
48173.0,221700.0,9
48175.0,128900.0,6
48177.0,112200.0,5
48179.0,77600.0,1
48181.0,125000.0,6
48183.0,132000.0,6
48185.0,124500.0,6
48187.0,183900.0,9
48189.0,80300.0,2
48191.0,48200.0,1
48193.0,127000.0,6
48195.0,97400.0,3
48197.0,38100.0,1
48199.0,120000.0,5
48201.0,165300.0,8
48203.0,124600.0,6
48205.0,160000.0,8
48207.0,51400.0,1
48209.0,222300.0,9
48211.0,135000.0,6
48213.0,102500.0,4
48215.0,84000.0,2
48217.0,98700.0,4
48219.0,88800.0,3
48221.0,180900.0,8
48223.0,100100.0,4
48225.0,84500.0,2
48227.0,93100.0,3
48229.0,46000.0,1
48231.0,114500.0,5
48233.0,77300.0,1
48235.0,137500.0,7
48237.0,83000.0,2
48239.0,103300.0,4
48241.0,104600.0,4
48243.0,112900.0,5
48245.0,107800.0,4
48247.0,66800.0,1
48249.0,76300.0,1
48251.0,144700.0,7
48253.0,75400.0,1
48255.0,97800.0,3
48257.0,161600.0,8
48259.0,326800.0,10
48261.0,31400.0,1
48263.0,39700.0,1
48265.0,170600.0,8
48267.0,165000.0,8
48269.0,38300.0,1
48271.0,72800.0,1
48273.0,88200.0,2
48275.0,43800.0,1
48277.0,94800.0,3
48279.0,64700.0,1
48281.0,142900.0,7
48283.0,81600.0,2
48285.0,155600.0,7
48287.0,125700.0,6
48289.0,110100.0,5
48291.0,101200.0,4
48293.0,90000.0,3
48295.0,86300.0,2
48297.0,94700.0,3
48299.0,186100.0,9
48301.0,-666666666.0,1
48303.0,130800.0,6
48305.0,79300.0,2
48307.0,85600.0,2
48309.0,133400.0,6
48311.0,106600.0,4
48313.0,112800.0,5
48315.0,93000.0,3
48317.0,133100.0,6
48319.0,163600.0,8
48321.0,107500.0,4
48323.0,94800.0,3
48325.0,139800.0,7
48327.0,57000.0,1
48329.0,197400.0,9
48331.0,97100.0,3
48333.0,123400.0,6
48335.0,70000.0,1
48337.0,112700.0,5
48339.0,223900.0,9
48341.0,115100.0,5
48343.0,86300.0,2
48345.0,55800.0,1
48347.0,119700.0,5
48349.0,95000.0,3
48351.0,74600.0,1
48353.0,72000.0,1
48355.0,130700.0,6
48357.0,99300.0,4
48359.0,95700.0,3
48361.0,107600.0,4
48363.0,95900.0,3
48365.0,98300.0,3
48367.0,198400.0,9
48369.0,92300.0,3
48371.0,75100.0,1
48373.0,94300.0,3
48375.0,90100.0,3
48377.0,58400.0,1
48379.0,121100.0,5
48381.0,162700.0,8
48383.0,94100.0,3
48385.0,103000.0,4
48387.0,67200.0,1
48389.0,62200.0,1
48391.0,82500.0,2
48393.0,132100.0,6
48395.0,104000.0,4
48397.0,244400.0,10
48399.0,77600.0,1
48401.0,118500.0,5
48403.0,101200.0,4
48405.0,86700.0,2
48407.0,109000.0,4
48409.0,117700.0,5
48411.0,97900.0,3
48413.0,69800.0,1
48415.0,88100.0,2
48417.0,80300.0,2
48419.0,72600.0,1
48421.0,98400.0,4
48423.0,153500.0,7
48425.0,191600.0,9
48427.0,68300.0,1
48429.0,71400.0,1
48431.0,64700.0,1
48433.0,58200.0,1
48435.0,95700.0,3
48437.0,73800.0,1
48439.0,170300.0,8
48441.0,119100.0,5
48443.0,72100.0,1
48445.0,76100.0,1
48447.0,68000.0,1
48449.0,97600.0,3
48451.0,130800.0,6
48453.0,298800.0,10
48455.0,79700.0,2
48457.0,85400.0,2
48459.0,123800.0,6
48461.0,65700.0,1
48463.0,80700.0,2
48465.0,95900.0,3
48467.0,121900.0,6
48469.0,136900.0,6
48471.0,149100.0,7
48473.0,174900.0,8
48475.0,86100.0,2
48477.0,170900.0,8
48479.0,119900.0,5
48481.0,122900.0,6
48483.0,85800.0,2
48485.0,96000.0,3
48487.0,73200.0,1
48489.0,56800.0,1
48491.0,245100.0,10
48493.0,181200.0,8
48495.0,64400.0,1
48497.0,154000.0,7
48499.0,130200.0,6
48501.0,100000.0,4
48503.0,89000.0,3
48505.0,69500.0,1
48507.0,48500.0,1
49001.0,161700.0,8
49003.0,189900.0,9
49005.0,218400.0,9
49007.0,136100.0,6
49009.0,211300.0,9
49011.0,265900.0,10
49013.0,183400.0,9
49015.0,139500.0,7
49017.0,179900.0,8
49019.0,238000.0,10
49021.0,201400.0,9
49023.0,203200.0,9
49025.0,190000.0,9
49027.0,145600.0,7
49029.0,359300.0,10
49031.0,155100.0,7
49033.0,192200.0,9
49035.0,281800.0,10
49037.0,133200.0,6
49039.0,174000.0,8
49041.0,156700.0,7
49043.0,598900.0,10
49045.0,209700.0,9
49047.0,191900.0,9
49049.0,280100.0,10
49051.0,388900.0,10
49053.0,262200.0,10
49055.0,176600.0,8
49057.0,197800.0,9
50001.0,241900.0,10
50003.0,209100.0,9
50005.0,168200.0,8
50007.0,288200.0,10
50009.0,131700.0,6
50011.0,213400.0,9
50013.0,270800.0,10
50015.0,228000.0,9
50017.0,191700.0,9
50019.0,162200.0,8
50021.0,176600.0,8
50023.0,222600.0,9
50025.0,212500.0,9
50027.0,216800.0,9
51001.0,165000.0,8
51003.0,344500.0,10
51005.0,116500.0,5
51007.0,204400.0,9
51009.0,153300.0,7
51011.0,155300.0,7
51013.0,669400.0,10
51015.0,212300.0,9
51017.0,151500.0,7
51019.0,200500.0,9
51021.0,102400.0,4
51023.0,225200.0,9
51025.0,110800.0,5
51027.0,70800.0,1
51029.0,127300.0,6
51031.0,155000.0,7
51033.0,195100.0,9
51035.0,109200.0,4
51036.0,168900.0,8
51037.0,107400.0,4
51041.0,231700.0,9
51043.0,335600.0,10
51045.0,171400.0,8
51047.0,285300.0,10
51049.0,146300.0,7
51051.0,75700.0,1
51053.0,162300.0,8
51057.0,188100.0,9
51059.0,550000.0,10
51061.0,384100.0,10
51063.0,170000.0,8
51065.0,230600.0,9
51067.0,178000.0,8
51069.0,245100.0,10
51071.0,121000.0,5
51073.0,228300.0,9
51075.0,344000.0,10
51077.0,95100.0,3
51079.0,238300.0,10
51081.0,96400.0,3
51083.0,112700.0,5
51085.0,275800.0,10
51087.0,233400.0,9
51089.0,94200.0,3
51091.0,180100.0,8
51093.0,262300.0,10
51095.0,339600.0,10
51097.0,161800.0,8
51099.0,301600.0,10
51101.0,206100.0,9
51103.0,237700.0,9
51105.0,88000.0,2
51107.0,492300.0,10
51109.0,218100.0,9
51111.0,116000.0,5
51113.0,253000.0,10
51115.0,224800.0,9
51117.0,133200.0,6
51119.0,263900.0,10
51121.0,221900.0,9
51125.0,243800.0,10
51127.0,264800.0,10
51131.0,164000.0,8
51133.0,285900.0,10
51135.0,139900.0,7
51137.0,233800.0,9
51139.0,168700.0,8
51141.0,116400.0,5
51143.0,117400.0,5
51145.0,271400.0,10
51147.0,161400.0,8
51149.0,218200.0,9
51153.0,369300.0,10
51155.0,144800.0,7
51157.0,359800.0,10
51159.0,181900.0,9
51161.0,194800.0,9
51163.0,213000.0,9
51165.0,210000.0,9
51167.0,96900.0,3
51169.0,94400.0,3
51171.0,207900.0,9
51173.0,95000.0,3
51175.0,169500.0,8
51177.0,276800.0,10
51179.0,334600.0,10
51181.0,190400.0,9
51183.0,126300.0,6
51185.0,95300.0,3
51187.0,240000.0,10
51191.0,141300.0,7
51193.0,210900.0,9
51195.0,85600.0,2
51197.0,130800.0,6
51199.0,324400.0,10
51510.0,557000.0,10
51520.0,112200.0,5
51530.0,122100.0,6
51540.0,283800.0,10
51550.0,265600.0,10
51570.0,168000.0,8
51580.0,74200.0,1
51590.0,91100.0,3
51595.0,123800.0,6
51600.0,533300.0,10
51610.0,757300.0,10
51620.0,168300.0,8
51630.0,346500.0,10
51640.0,101100.0,4
51650.0,186400.0,9
51660.0,197400.0,9
51670.0,119700.0,5
51678.0,203600.0,9
51680.0,158800.0,8
51683.0,313100.0,10
51685.0,281500.0,10
51690.0,86800.0,2
51700.0,193100.0,9
51710.0,199400.0,9
51720.0,91700.0,3
51730.0,108200.0,4
51735.0,325000.0,10
51740.0,171800.0,8
51750.0,164600.0,8
51760.0,220700.0,9
51770.0,133200.0,6
51775.0,176800.0,8
51790.0,164800.0,8
51800.0,246600.0,10
51810.0,274300.0,10
51820.0,167600.0,8
51830.0,300100.0,10
51840.0,236800.0,9
53001.0,154500.0,7
53003.0,181800.0,9
53005.0,216900.0,9
53007.0,274500.0,10
53009.0,238500.0,10
53011.0,296800.0,10
53013.0,170800.0,8
53015.0,197000.0,9
53017.0,250800.0,10
53019.0,172200.0,8
53021.0,187900.0,9
53023.0,139100.0,7
53025.0,171500.0,8
53027.0,168500.0,8
53029.0,337800.0,10
53031.0,311100.0,10
53033.0,493500.0,10
53035.0,299600.0,10
53037.0,275000.0,10
53039.0,235900.0,9
53041.0,191100.0,9
53043.0,153800.0,7
53045.0,216000.0,9
53047.0,173500.0,8
53049.0,170800.0,8
53051.0,208400.0,9
53053.0,277000.0,10
53055.0,470500.0,10
53057.0,286200.0,10
53059.0,282400.0,10
53061.0,371600.0,10
53063.0,209000.0,9
53065.0,187000.0,9
53067.0,271300.0,10
53069.0,207000.0,9
53071.0,209800.0,9
53073.0,318400.0,10
53075.0,208200.0,9
53077.0,167700.0,8
54001.0,104800.0,4
54003.0,172800.0,8
54005.0,69900.0,1
54007.0,93000.0,3
54009.0,92000.0,3
54011.0,123200.0,6
54013.0,73500.0,1
54015.0,82100.0,2
54017.0,116800.0,5
54019.0,90500.0,3
54021.0,91300.0,3
54023.0,137300.0,6
54025.0,120500.0,5
54027.0,143700.0,7
54029.0,92000.0,3
54031.0,126400.0,6
54033.0,113500.0,5
54035.0,121000.0,5
54037.0,240600.0,10
54039.0,112400.0,5
54041.0,104800.0,4
54043.0,81700.0,2
54045.0,90100.0,3
54047.0,33800.0,1
54049.0,112800.0,5
54051.0,103300.0,4
54053.0,77400.0,1
54055.0,92200.0,3
54057.0,135100.0,6
54059.0,75800.0,1
54061.0,188700.0,9
54063.0,108100.0,4
54065.0,179800.0,8
54067.0,93100.0,3
54069.0,119400.0,5
54071.0,122300.0,6
54073.0,107000.0,4
54075.0,124300.0,6
54077.0,106800.0,4
54079.0,163800.0,8
54081.0,105700.0,4
54083.0,99200.0,4
54085.0,85800.0,2
54087.0,93800.0,3
54089.0,95400.0,3
54091.0,103600.0,4
54093.0,117100.0,5
54095.0,97400.0,3
54097.0,112600.0,5
54099.0,97800.0,3
54101.0,67200.0,1
54103.0,101000.0,4
54105.0,86100.0,2
54107.0,118600.0,5
54109.0,67200.0,1
55001.0,125100.0,6
55003.0,110100.0,5
55005.0,150200.0,7
55007.0,166300.0,8
55009.0,167000.0,8
55011.0,155900.0,7
55013.0,156100.0,7
55015.0,173200.0,8
55017.0,159000.0,8
55019.0,121300.0,6
55021.0,187000.0,9
55023.0,131100.0,6
55025.0,252300.0,10
55027.0,159100.0,8
55029.0,207100.0,9
55031.0,143700.0,7
55033.0,161800.0,8
55035.0,161600.0,8
55037.0,130800.0,6
55039.0,152900.0,7
55041.0,130200.0,6
55043.0,144000.0,7
55045.0,166900.0,8
55047.0,142600.0,7
55049.0,174500.0,8
55051.0,113100.0,5
55053.0,133200.0,6
55055.0,184300.0,9
55057.0,124100.0,6
55059.0,169000.0,8
55061.0,157700.0,8
55063.0,167100.0,8
55065.0,134600.0,6
55067.0,113200.0,5
55069.0,139800.0,7
55071.0,127200.0,6
55073.0,152000.0,7
55075.0,117100.0,5
55077.0,150300.0,7
55078.0,103300.0,4
55079.0,153600.0,7
55081.0,149400.0,7
55083.0,155300.0,7
55085.0,167800.0,8
55087.0,163800.0,8
55089.0,273000.0,10
55091.0,148700.0,7
55093.0,197500.0,9
55095.0,164700.0,8
55097.0,163300.0,8
55099.0,122700.0,6
55101.0,169900.0,8
55103.0,136800.0,6
55105.0,139800.0,7
55107.0,110400.0,5
55109.0,233600.0,9
55111.0,174500.0,8
55113.0,164700.0,8
55115.0,136600.0,6
55117.0,153700.0,7
55119.0,131900.0,6
55121.0,151400.0,7
55123.0,152300.0,7
55125.0,206900.0,9
55127.0,196400.0,9
55129.0,152700.0,7
55131.0,225800.0,9
55133.0,272100.0,10
55135.0,145600.0,7
55137.0,143100.0,7
55139.0,149500.0,7
55141.0,129900.0,6
56001.0,226900.0,9
56003.0,154600.0,7
56005.0,220200.0,9
56007.0,165700.0,8
56009.0,207900.0,9
56011.0,220200.0,9
56013.0,194100.0,9
56015.0,168200.0,8
56017.0,151800.0,7
56019.0,257800.0,10
56021.0,214000.0,9
56023.0,231700.0,9
56025.0,202600.0,9
56027.0,144900.0,7
56029.0,254800.0,10
56031.0,173700.0,8
56033.0,261500.0,10
56035.0,272600.0,10
56037.0,205800.0,9
56039.0,827400.0,10
56041.0,177500.0,8
56043.0,162700.0,8
56045.0,169900.0,8
72001.0,85200.0,2
72003.0,86300.0,2
72005.0,120400.0,5
72007.0,117300.0,5
72009.0,114100.0,5
72011.0,88800.0,3
72013.0,97400.0,3
72015.0,88900.0,3
72017.0,106200.0,4
72019.0,101200.0,4
72021.0,134900.0,6
72023.0,112400.0,5
72025.0,131300.0,6
72027.0,100200.0,4
72029.0,110200.0,5
72031.0,143900.0,7
72033.0,119200.0,5
72035.0,117400.0,5
72037.0,92600.0,3
72039.0,89700.0,3
72041.0,121700.0,6
72043.0,88800.0,3
72045.0,89700.0,3
72047.0,89900.0,3
72049.0,113500.0,5
72051.0,139000.0,7
72053.0,99500.0,4
72054.0,93200.0,3
72055.0,90900.0,3
72057.0,88900.0,3
72059.0,80300.0,2
72061.0,177400.0,8
72063.0,143500.0,7
72065.0,93500.0,3
72067.0,101600.0,4
72069.0,95400.0,3
72071.0,105300.0,4
72073.0,94100.0,3
72075.0,93300.0,3
72077.0,108500.0,4
72079.0,88800.0,3
72081.0,88000.0,2
72083.0,83400.0,2
72085.0,118500.0,5
72087.0,103200.0,4
72089.0,110400.0,5
72091.0,108400.0,4
72093.0,90800.0,3
72095.0,89400.0,3
72097.0,98700.0,4
72099.0,96500.0,3
72101.0,100300.0,4
72103.0,91200.0,3
72105.0,89900.0,3
72107.0,89800.0,3
72109.0,92200.0,3
72111.0,75000.0,1
72113.0,98800.0,4
72115.0,108000.0,4
72117.0,121500.0,6
72119.0,114000.0,5
72121.0,96700.0,3
72123.0,85700.0,2
72125.0,90300.0,3
72127.0,155700.0,7
72129.0,108500.0,4
72131.0,97800.0,3
72133.0,92400.0,3
72135.0,137500.0,7
72137.0,127400.0,6
72139.0,147300.0,7
72141.0,91600.0,3
72143.0,116000.0,5
72145.0,107600.0,4
72147.0,104200.0,4
72149.0,90900.0,3
72151.0,88100.0,2
72153.0,92000.0,3
